POS,Player,Mat,Inns,Ov,Runs,Wkts,BBI,Avg,Econ,SR,4w,5w
1,Bhuvneshwar Kumar,17,17,66,490,23,4/29,21.3,7.42,17.21,1,0
2,Yuzvendra Chahal,13,13,49.1,401,21,4/25,19.09,8.15,14.04,1,0
3,Shane Watson,16,16,56.3,485,20,4/29,24.25,8.58,16.95,1,0
4,Dhawal Kulkarni,14,14,49,364,18,4/14,20.22,7.42,16.33,1,0
5,Mustafizur Rahman,16,16,61,421,17,3/16,24.76,6.9,21.52,0,0
6,Mitchell McClenaghan,14,14,53.2,436,17,4/21,25.64,8.17,18.82,1,0
7,Dwayne Bravo,15,15,56,494,17,4/22,29.05,8.82,19.76,1,0
8,Sandeep Sharma,14,14,50,366,15,2/11,24.4,7.32,20,0,0
9,Jasprit Bumrah,14,14,52,406,15,3/13,27.06,7.8,20.8,0,0
10,Andre Russell,12,12,36.3,291,15,4/20,19.4,7.97,14.6,1,0
11,Barinder Sran,14,14,49.3,413,14,3/28,29.5,8.34,21.21,0,0
12,Chris Morris,12,12,44,308,13,2/30,23.69,7,20.3,0,0
13,Amit Mishra,14,14,46,344,13,4/11,26.46,7.47,21.23,1,0
14,Axar Patel,14,14,47.5,388,13,4/21,29.84,8.11,22.07,1,0
15,Mohit Sharma,14,14,48.3,407,13,3/23,31.3,8.39,22.38,0,0
16,Adam Zampa,5,5,17,115,12,6/19,9.58,6.76,8.5,0,1
17,Moises Henriques,17,17,52,415,12,2/17,34.58,7.98,26,0,0
18,Sunil Narine,11,11,42.5,304,11,3/26,27.63,7.09,23.36,0,0
19,Sreenath Aravind,9,9,29.1,216,11,2/18,19.63,7.4,15.9,0,0
20,Ashok Dinda,9,9,30.3,231,11,3/20,21,7.57,16.63,0,0
21,Piyush Chawla,12,11,35.2,273,11,2/21,24.81,7.72,19.27,0,0
22,Chris Jordan,9,9,28,258,11,4/11,23.45,9.21,15.27,1,0
23,Ravichandran Ashwin,14,14,44,319,10,4/34,31.9,7.25,26.4,1,0
24,Zaheer Khan,12,12,43.4,337,10,3/21,33.7,7.71,26.2,0,0
25,Morne Morkel,10,10,35.3,297,10,2/27,29.7,8.36,21.3,0,0
26,Umesh Yadav,9,9,26,234,10,3/28,23.4,9,15.6,0,0
27,Tim Southee,11,11,43,329,9,3/24,36.55,7.65,28.66,0,0
28,Ashish Nehra,8,8,26,199,9,3/15,22.11,7.65,17.33,0,0
29,Praveen Kumar,16,16,51.3,401,9,2/19,44.55,7.78,34.33,0,0
30,Harbhajan Singh,14,14,49,392,9,2/29,43.55,8,32.66,0,0
31,Thisara Perera,12,11,33.1,326,9,3/34,36.22,9.82,22.11,0,0
32,Ravindra Jadeja,15,14,40.1,311,8,2/18,38.87,7.74,30.12,0,0
33,Marcus Stoinis,7,7,23,194,8,4/15,24.25,8.43,17.25,1,0
34,Dwayne Smith,12,8,18,153,8,4/8,19.12,8.5,13.5,1,0
35,Carlos Brathwaite,8,8,23.1,185,7,3/43,26.42,7.98,19.85,0,0
36,Murugan Ashwin,10,10,28.3,241,7,3/36,34.42,8.45,24.42,0,0
37,Kane Richardson,4,4,14,136,7,3/13,19.42,9.71,12,0,0
38,Rajat Bhatia,10,10,34,244,6,2/19,40.66,7.17,34,0,0
39,Krunal Pandya,12,11,31.1,236,6,2/15,39.33,7.57,31.16,0,0
40,Kuldeep Yadav,3,3,12,100,6,3/35,16.66,8.33,12,0,0
41,Shivil Kaushik,7,7,23,192,6,3/20,32,8.34,23,0,0
42,Iqbal Abdulla,8,8,25,213,6,3/40,35.5,8.52,25,0,0
43,Ben Cutting,4,4,11.1,80,5,2/20,16,7.16,13.4,0,0
44,Shakib Al Hasan,10,9,31,243,5,1/14,48.6,7.83,37.2,0,0
45,Imran Tahir,4,4,16,138,5,3/24,27.6,8.62,19.2,0,0
46,Pravin Tambe,7,7,16,143,5,2/12,28.6,8.93,19.2,0,0
47,Mohammad Shami,8,8,25.1,244,5,2/34,48.8,9.69,30.2,0,0
48,Mitchell Marsh,3,3,9,45,4,2/14,11.25,5,13.5,0,0
49,Brad Hogg,5,5,16,142,4,3/19,35.5,8.87,24,0,0
50,Vinay Kumar,3,3,9,64,3,2/17,21.33,7.11,18,0,0
51,Deepak Hooda,17,6,13,97,3,2/16,32.33,7.46,26,0,0
52,Nathan Coulter-Nile,4,4,15,114,3,2/25,38,7.6,30,0,0
53,Pradeep Sahu,5,5,17.3,146,3,2/18,48.66,8.34,35,0,0
54,Bipul Sharma,7,6,14,121,3,1/10,40.33,8.64,28,0,0
55,Ankit Rajpoot,4,4,11,98,3,1/14,32.66,8.9,22,0,0
56,Hardik Pandya,11,10,16.4,153,3,1/7,51,9.18,33.33,0,0
57,Tabraiz Shamsi,4,4,16,147,3,1/21,49,9.18,32,0,0
58,RP Singh,4,4,12,111,3,1/23,37,9.25,24,0,0
59,KC Cariappa,5,5,17,159,3,2/16,53,9.35,34,0,0
60,Ishant Sharma,4,4,15,148,3,2/36,49.33,9.86,30,0,0
61,Sachin Baby,11,2,1.4,8,2,2/4,4,4.8,5,0,0
62,John Hastings,2,2,6.4,37,2,2/6,18.5,5.55,20,0,0
63,Chris Gayle,10,4,10,63,2,2/11,31.5,6.3,30,0,0
64,Jayant Yadav,5,5,17,125,2,1/23,62.5,7.35,51,0,0
65,Scott Boland,2,2,7,54,2,2/31,27,7.71,21,0,0
66,Gurkeerat Mann Singh,7,3,4,31,2,2/15,15.5,7.75,12,0,0
67,JP Duminy,10,5,7,55,2,1/4,27.5,7.85,21,0,0
68,Jason Holder,4,4,13,103,2,2/33,51.5,7.92,39,0,0
69,Rishi Dhawan,2,2,7,56,2,1/21,28,8,21,0,0
70,Shahbaz Nadeem,4,4,15,127,2,2/23,63.5,8.46,45,0,0
71,Shadab Jakati,6,6,20,178,2,1/13,89,8.9,60,0,0
72,Varun Aaron,8,8,23.4,227,2,2/37,113.5,9.59,71,0,0
73,Mitchell Johnson,3,3,11,106,2,1/35,53,9.63,33,0,0
74,James Faulkner,7,7,17,167,2,1/23,83.5,9.82,51,0,0
75,Kyle Abbott,5,5,16,177,2,1/38,88.5,11.06,48,0,0
76,Albie Morkel,2,2,5,66,2,2/36,33,13.2,15,0,0
77,Yusuf Pathan,15,4,6,33,1,1/6,33,5.5,36,0,0
78,Ankit Sharma,3,3,11,84,1,1/27,84,7.63,66,0,0
79,Stuart Binny,14,11,17,134,1,1/17,134,7.88,102,0,0
80,Parveez Rasool,4,4,14,129,1,1/31,129,9.21,84,0,0
81,Pawan Negi,8,5,9,84,1,1/19,84,9.33,54,0,0
82,Trent Boult,1,1,4,39,1,1/39,39,9.75,24,0,0
83,Rajagopal Sathish,4,3,6,59,1,1/20,59,9.83,36,0,0
84,Ashish Reddy,4,2,3.5,39,1,1/14,39,10.17,23,0,0
85,Harshal Patel,5,5,14,147,1,1/46,147,10.5,84,0,0
86,Adam Milne,1,1,4,43,1,1/43,43,10.75,24,0,0
87,Nitish Rana,4,1,1,3,0,0/3,0,3,0,0,0
88,Shreyas Gopal,1,1,3,18,0,0/18,0,6,0,0,0
89,Kane Williamson,6,1,1,7,0,0/7,0,7,0,0,0
90,Anureet Singh,2,2,6,43,0,0/15,0,7.16,0,0,0
91,Colin Munro,4,2,2,15,0,0/7,0,7.5,0,0,0
92,Irfan Pathan,4,3,8,61,0,0/7,0,7.62,0,0,0
93,Murali Vijay,14,1,1,8,0,0/8,0,8,0,0,0
94,Deepak Chahar,2,2,5,41,0,0/13,0,8.2,0,0,0
95,Suresh Raina,15,4,10,82,0,0/15,0,8.2,0,0,0
96,Yuvraj Singh,10,5,6.1,52,0,0/7,0,8.43,0,0,0
97,Dale Steyn,1,1,2,17,0,0/17,0,8.5,0,0,0
98,Glenn Maxwell,11,7,9,80,0,0/3,0,8.88,0,0,0
99,Swapnil Singh,1,1,3,29,0,0/29,0,9.66,0,0,0
100,Karn Sharma,5,5,16.2,171,0,0/24,0,10.46,0,0,0
101,Sarabjit Ladda,1,1,2,21,0,0/21,0,10.5,0,0,0
102,David Wiese,1,1,4,49,0,0/49,0,12.25,0,0,0
103,Pradeep Sangwan,2,2,4,49,0,0/21,0,12.25,0,0,0
104,Virat Kohli,16,1,1,13,0,0/13,0,13,0,0,0
105,Kieron Pollard,13,4,6,81,0,0/11,0,13.5,0,0,0
106,Jagadeesha Suchith,1,1,2,31,0,0/31,0,15.5,0,0,0
107,Jaydev Unadkat,1,1,3,49,0,0/49,0,16.33,0,0,0